{"cameraMode":{"drawMode":0,"name":"Shaded","section":"Shading Mode"},"sceneLighting":true,"audioPlay":false,"sceneViewState":{"m_AlwaysRefresh":false,"showFog":true,"showSkybox":true,"showFlares":true,"showImageEffects":true,"showParticleSystems":true,"showVisualEffectGraphs":true,"m_FxEnabled":true},"in2DMode":false,"pivot":{"x":118.91288757324219,"y":21.648330688476564,"z":74.40203094482422},"rotation":{"x":-0.06547487527132034,"y":-0.9279387593269348,"z":0.31040582060813906,"w":-0.19574138522148133},"size":3.8666110038757326,"orthographic":false}